Workbook

Sheet Báo giá
B1: ='Thông tin công ty'!$C$4 -> CÔNG TY CỔ PHẦN THƯƠNG MẠI TỔNG HỢP MINH PHÁT
B2: ="Địa chỉ: "&'Thông tin công ty'!$C$5 -> Địa chỉ: [Số nhà, đường, phường/xã, quận/huyện, tỉnh/thành phố]
B3: ="MST: "&'Thông tin công ty'!$C$6&" | Điện thoại: "&'Thông tin công ty'!$C$7 -> MST: [0123456789] | Điện thoại: [0900 000 000]
B4: ="Email: "&'Thông tin công ty'!$C$8&" | Website: "&'Thông tin công ty'!$C$9 -> Email: [email@minhphat.vn] | Website: [www.minhphat.vn]
A7: BẢNG BÁO GIÁ
A8: ="Số: "&F12&" – Ngày "&TEXT(F13,"dd/mm/yyyy") -> Số: BG-2026/001 – Ngày 01/10/2026
B10: Kính gửi: | C10: [Tên công ty / cá nhân khách hàng]
B11: Người liên hệ: | C11: [Ông/Bà ...] | E11: Điện thoại: | F11: [09xx xxx xxx]
B12: Địa chỉ: | C12: [Địa chỉ khách hàng] | E12: Số báo giá: | F12: BG-2026/001
B13: Email: | C13: [email khách hàng] | E13: Ngày báo giá: | F13: 46296
A15: ='Thông tin công ty'!$C$4&" trân trọng cảm ơn Quý khách đã quan tâm đến sản phẩm của chúng tôi. Chúng tôi xin gửi tới Quý khách bảng báo giá như sau:" -> CÔNG TY CỔ PHẦN THƯƠNG MẠI TỔNG HỢP MINH PHÁT trân trọng cảm ơn Quý khách đã quan tâm đến sản phẩm của chúng tôi. Chúng tôi xin gửi tới Quý khách bảng báo giá như sau:
A17: STT | B17: Tên hàng hóa / Quy cách | C17: ĐVT | D17: Số lượng | E17: Đơn giá (VNĐ) | F17: Thành tiền (VNĐ) | G17: Ghi chú
A18: =IF(B18="","",COUNTA($B$18:B18)) -> 1 | B18: Giấy in A4 Double A 70gsm | C18: Ram | D18: 50 | E18: 75000 | F18: =IF(OR(D18="",E18=""),"",D18*E18) -> 3750000 | G18: Hàng có sẵn
A19: =IF(B19="","",COUNTA($B$18:B19)) -> 2 | B19: Mực in HP 12A (chính hãng) | C19: Hộp | D19: 5 | E19: 1250000 | F19: =IF(OR(D19="",E19=""),"",D19*E19) -> 6250000 | G19: Bảo hành 12 tháng
A20: =IF(B20="","",COUNTA($B$18:B20)) | F20: =IF(OR(D20="",E20=""),"",D20*E20)
A21: =IF(B21="","",COUNTA($B$18:B21)) | F21: =IF(OR(D21="",E21=""),"",D21*E21)
A22: =IF(B22="","",COUNTA($B$18:B22)) | F22: =IF(OR(D22="",E22=""),"",D22*E22)
A23: =IF(B23="","",COUNTA($B$18:B23)) | F23: =IF(OR(D23="",E23=""),"",D23*E23)
A24: =IF(B24="","",COUNTA($B$18:B24)) | F24: =IF(OR(D24="",E24=""),"",D24*E24)
A25: =IF(B25="","",COUNTA($B$18:B25)) | F25: =IF(OR(D25="",E25=""),"",D25*E25)
A26: =IF(B26="","",COUNTA($B$18:B26)) | F26: =IF(OR(D26="",E26=""),"",D26*E26)
A27: =IF(B27="","",COUNTA($B$18:B27)) | F27: =IF(OR(D27="",E27=""),"",D27*E27)
A28: =IF(B28="","",COUNTA($B$18:B28)) | F28: =IF(OR(D28="",E28=""),"",D28*E28)
A29: =IF(B29="","",COUNTA($B$18:B29)) | F29: =IF(OR(D29="",E29=""),"",D29*E29)
A30: Cộng tiền hàng | F30: =SUM(F18:F29) -> 10000000
A31: Thuế GTGT (VAT) – thuế suất: | E31: 0.1 | F31: =ROUND(F30*E31,0) -> 1000000
A32: TỔNG CỘNG THANH TOÁN | F32: =F30+F31 -> 11000000
A33: Số tiền bằng chữ: Mười một triệu đồng chẵn.
A35: ĐIỀU KHOẢN BÁO GIÁ
A36: 1. Đơn giá trên chưa bao gồm thuế GTGT; thuế GTGT được tính riêng như bảng trên.
A37: 2. Hiệu lực báo giá: 30 ngày kể từ ngày báo giá.
A38: 3. Thời gian giao hàng: trong vòng [03] ngày kể từ khi Quý khách xác nhận đặt hàng.
A39: 4. Địa điểm giao hàng: [tại kho của Quý khách / tại kho Công ty].
A40: 5. Thanh toán: [chuyển khoản / tiền mặt], [100% khi nhận hàng].
A41: ="6. Tài khoản: "&'Thông tin công ty'!$C$10&" – "&'Thông tin công ty'!$C$11&" – Chủ tài khoản: "&'Thông tin công ty'!$C$4 -> 6. Tài khoản: [0000 0000 0000] – [Tên ngân hàng – Chi nhánh] – Chủ tài khoản: CÔNG TY CỔ PHẦN THƯƠNG MẠI TỔNG HỢP MINH PHÁT
A43: Rất mong nhận được sự hợp tác của Quý khách. Trân trọng!
A45: KHÁCH HÀNG XÁC NHẬN | E45: =UPPER('Thông tin công ty'!$C$13) -> GIÁM ĐỐC
A46: (Ký, ghi rõ họ tên) | E46: (Ký, đóng dấu, ghi rõ họ tên)
E51: ='Thông tin công ty'!$C$12 -> [Họ và tên]

Sheet Thông tin công ty
B2: THÔNG TIN CÔNG TY (điền 1 lần, bảng báo giá tự lấy theo)
B4: Tên công ty | C4: CÔNG TY CỔ PHẦN THƯƠNG MẠI TỔNG HỢP MINH PHÁT
B5: Địa chỉ | C5: [Số nhà, đường, phường/xã, quận/huyện, tỉnh/thành phố]
B6: Mã số thuế | C6: [0123456789]
B7: Điện thoại | C7: [0900 000 000]
B8: Email | C8: [email@minhphat.vn]
B9: Website | C9: [www.minhphat.vn]
B10: Số tài khoản | C10: [0000 0000 0000]
B11: Ngân hàng | C11: [Tên ngân hàng – Chi nhánh]
B12: Người đại diện ký báo giá | C12: [Họ và tên]
B13: Chức vụ | C13: Giám đốc
B15: Ô nền vàng là ô cần sửa. Thay phần trong ngoặc vuông [ ] bằng thông tin thật.

Sheet Hướng dẫn
B2: HƯỚNG DẪN SỬ DỤNG MẪU BÁO GIÁ
B4: BƯỚC 1 – Điền thông tin công ty (chỉ làm 1 lần)
B5: • Mở trang 'Thông tin công ty', sửa các ô nền vàng (địa chỉ, MST, điện thoại, tài khoản...).
B6: • Phần đầu trang và cuối trang của bảng báo giá sẽ tự cập nhật theo.
B8: BƯỚC 2 – Mỗi lần báo giá cho khách
B9: • Trang 'Báo giá': sửa thông tin khách hàng (ô C10 đến G13), số báo giá (F12) và ngày (F13).
B10: • Danh sách hàng: nhập Tên hàng (cột B), ĐVT (C), Số lượng (D), Đơn giá (E), Ghi chú (G) từ dòng 18 đến 29.
B11: • Cột STT và Thành tiền TỰ ĐỘNG tính – không cần gõ. Tổng tiền, thuế GTGT cũng tự tính.
B12: • Hai dòng đầu (Giấy in A4, Mực in HP 12A) chỉ là VÍ DỤ – hãy xóa và thay bằng hàng của bạn.
B13: • Thuế suất GTGT ở ô E31 (mặc định 10%). Đổi thành 8% hoặc 0% nếu cần.
B14: • Sửa dòng 'Số tiền bằng chữ' (ô A33) theo tổng cộng; sửa các điều khoản trong ngoặc [ ] cho phù hợp.
B16: BƯỚC 3 – Thay logo
... B21: • Mẹo: trước mỗi lần báo giá mới, nên lưu thành file mới (Save As) để giữ lại mẫu gốc.
